Layer,Day,Order,Name,Address,Type,Priority,Approx_Km,Approx_Time,Notes,Description_HU,Tip_HU
Must-See Points,Day 3,1,Aurlandsfjord,"Aurlandsfjord, Norway",Fjord,Must,,Flexible,Main fjord experience while staying in Laerdalsoyri; combine with Aurland/Flam area.,"Mélykék fjordág meredek hegyoldalakkal, Aurland és Flam környékének fő látványa.","A legjobb élmény gyakran egy nyugodt parti séta vagy kilátópont, nem a túlzsúfolt program."
Must-See Points,Day 3,2,Stegastein Viewpoint,"Stegastein Viewpoint, Aurland, Norway",Viewpoint,Must,,45-75 min from Laerdalsoyri/Aurland area,Go early or late to avoid July crowding.,"Magasan az Aurlandsfjord felett futó kilátó, a környék egyik legerősebb panorámája.","Menjetek korán vagy későn, mert júliusban a parkolás és a tömeg könnyen időt visz el."
Must-See Points,Day 5,3,Lovatnet,"Lovatnet, Norway",Lake / Scenic Drive,Must,,1-3 hours,Best low-stress scenic option from Lodgen Stryn.,"Türkiz tó meredek hegyek között, az egyik legszebb, mégis alacsony stresszű program.","Ideális pihenősebb napra. Esőben is hangulatos, de óvatosan vezessetek a keskenyebb részeken."
Must-See Points,Day 5,4,Briksdal Glacier,"Briksdal Glacier, Norway",Short Hike,Recommended,,1.5-2.5 hr walk/photos,Do this as the main active stop of the day if weather and energy are good.,"Rövid túrával elérhető gleccserkörnyék, klasszikus Nordfjord-program.","Akkor legyen a nap fő aktív programja, ha az időjárás és az energiaszint is jó."
Must-See Points,Day 6 Optional Geiranger,5,Flydalsjuvet,"Flydalsjuvet, Geiranger, Norway",Viewpoint,Must if doing Geiranger,,20-30 min,Classic Geiranger viewpoint.,"Klasszikus Geiranger-kilátópont, rövid megállóval nagy látvánnyal.","Jó fotópont, de parkolásra és buszokra számítsatok júliusban."
Must-See Points,Day 6 Optional Geiranger,6,Geiranger,"Geiranger, Norway",Fjord Village,Must if doing Geiranger,,30-60 min,Treat village stop as brief in July; main value is viewpoints and ferry.,"Ikonikus fjordfalu, nagyon látványos, de főszezonban zsúfolt.",Legyen rövid falumegálló; a fő érték a kilátópontok és a Geiranger - Hellesylt komp.
Must-See Points,Day 6 Optional Geiranger,7,Geiranger-Hellesylt Ferry Start,"Geiranger ferjekai, Norway",Ferry,Must if doing Geiranger,,Check in 30 min before sailing,Book vehicle ferry in advance in July.,A Geiranger - Hellesylt fjordkomp indulási pontja.,"Júliusban érdemes előre foglalni, és legalább 30 perccel indulás előtt ott lenni."
Must-See Points,Day 7 Return via Vikafjell,8,Hella-Vangsnes Ferry,"Hella ferjekai, Norway",Ferry,Recommended,,Short crossing + waiting time,Use this to make the return route scenic and different from the outbound route.,"Rövid kompátkelés, amely változatosabbá teszi a visszautat Vik és Vikafjell felé.","Csak akkor válasszátok, ha az időjárás és az útviszonyok jók a hegyi szakaszhoz."
Must-See Points,Day 7 Return via Vikafjell,9,Vikafjellsvegen (Rv13) / Vikafjellet,"60.792458870095, 6.508532291522",Scenic Mountain Road,Recommended,,Scenic section on return toward Vaksdal,Use in good weather; switch to E39 backup if road/weather conditions are poor.,"Látványos hegyi útvonal Vik és Voss között, jó időben emlékezetes.","Rossz látási viszonyoknál, erős esőnél vagy fáradtságnál váltsatok az E39 backup útvonalra."
